{"cameraMode":{"drawMode":0,"name":"Shaded","section":"Shading Mode"},"sceneLighting":true,"audioPlay":false,"sceneViewState":{"m_AlwaysRefresh":false,"showFog":true,"showSkybox":true,"showFlares":true,"showImageEffects":true,"showParticleSystems":true,"showVisualEffectGraphs":true,"m_FxEnabled":true},"in2DMode":false,"pivot":{"x":-0.4925076961517334,"y":1.0698504447937012,"z":0.2723070979118347},"rotation":{"x":0.002236791653558612,"y":0.9977429509162903,"z":-0.0392383337020874,"w":0.055727146565914157},"size":0.11370471119880676,"orthographic":false}