{"cameraMode":{"drawMode":0,"name":"Shaded","section":"Shading Mode"},"sceneLighting":true,"audioPlay":false,"sceneViewState":{"m_AlwaysRefresh":false,"showFog":true,"showSkybox":true,"showFlares":true,"showImageEffects":true,"showParticleSystems":true,"showVisualEffectGraphs":true,"m_FxEnabled":true},"in2DMode":false,"pivot":{"x":-0.5718367099761963,"y":1.2748780250549317,"z":0.7620258331298828},"rotation":{"x":0.01628820411860943,"y":0.981717050075531,"z":-0.16227613389492036,"w":0.09899159520864487},"size":0.27948158979415896,"orthographic":false}